source_file,at_lines,parsed,ok
books_2000_2002.bib,170,170,TRUE
books_2003_2005.bib,77,77,TRUE
books_2006_2009.bib,385,385,TRUE
books_2010_2012.bib,352,352,TRUE
books_2013_2015.bib,242,242,TRUE
books_2016_2018.bib,196,196,TRUE
books_2019_2020.bib,129,129,TRUE
books_2021_2024.bib,104,104,TRUE
books_pre1990.bib,65,65,TRUE
chapters_no_file.bib,206,206,TRUE
documents.bib,1067,1067,TRUE
papers_1990_2000.bib,260,260,TRUE
papers_2001_2002.bib,258,258,TRUE
papers_2003_5.bib,273,273,TRUE
papers_2007.bib,394,394,TRUE
papers_2009.bib,492,492,TRUE
papers_2010.bib,274,274,TRUE
papers_2011_12.bib,652,652,TRUE
papers_2013_14.bib,578,578,TRUE
papers_2015.bib,459,459,TRUE
papers_2016.bib,476,476,TRUE
papers_2017.bib,446,446,TRUE
papers_2018.bib,206,206,TRUE
papers_2019.bib,498,498,TRUE
papers_2020.bib,544,544,TRUE
papers_2021.bib,562,562,TRUE
papers_2022.bib,567,567,TRUE
papers_2023.bib,507,507,TRUE
papers_2024.bib,71,71,TRUE
papers_low_info.bib,342,342,TRUE
papers_pre1990.bib,208,208,TRUE
reports.bib,1550,1550,TRUE
software.bib,15,15,TRUE
