group,doi,id_1,type_1,src_1,year_1,title_1,author_1,id_2,type_2,src_2,year_2,title_2,author_2,cand_title
A: DOI held by other record,10.1007/978-3-319-23522-6,426,book,books_2006_2009.bib,2008,Decision Support for Forest Management,"Kangas, Annika and Kangas, Jyrki and Kurttila, Mikko",1108,book,books_2013_2015.bib,2015,Decision Support for Forest Management,"Kangas, Annika and Kurttila, Mikko and Hujala, Teppo and Eyvindson, Kyle and Kangas, Jyrki",NA
A: DOI held by other record,10.1017/cbo9781139506779,1089,book,books_2013_2015.bib,2014,Decision Making in Health and Medicine: Integrating Evidence and Values,"Hunink, MG Myriam and Weinstein, Milton C. and Wittenberg, Eve and Drummond, Michael F. and Pliskin, Joseph S. and Wong, John B. and Glasziou, Paul P.",1090,book,books_2013_2015.bib,2014,Decision Making in Health and Medicine,"Hunink, M. G. Myriam and Weinstein, Milton C. and Wittenberg, Eve",NA
A: DOI held by other record,10.1177/104225879201600304,3285,article,papers_2001_2002.bib,2002,A Finance Perspective on Entrepreneurship Research,"Brophy, David J. and Shulman, Joel M.",3024,article,papers_1990_2000.bib,1992,A Finance Perspective on Entrepreneurship Research,"Brophy, David J. and Shulman, Joel M.",NA
A: DOI held by other record,10.1007/1-4020-4693-6_1,4163,article,papers_2007.bib,2006,Quantifying the Agri-Food Supply Chain: Overview and New Research Directions,"Wijnands, J. H. M. and Ondersteijn, Christien Jm",4164,article,papers_2007.bib,2006,Supply Chain Organization and Chain Performance,"Wijnands, Jo and Ondersteijn, Christien",NA
A: DOI held by other record,10.2139/ssrn.919000,4298,article,papers_2009.bib,2008,Data Gaps in Natural Resource Management: Sniffing for Leaks along the Information Pipeline,"Doremus, Holly",3887,article,papers_2007.bib,2006,Data Gaps in Natural Resource Management: Sniffing for Leaks along the Information Pipeline,"Doremus, Holly",NA
A: DOI held by other record,10.2139/ssrn.3477380,4366,article,papers_2009.bib,2009,Impact Assessment of ICT-for-development Projects: A Compendium of Approaches,"Heeks, Richard and Alemayehu, Molla",11658,article,reports.bib,2009,Compendium on Impact Assessment of ICT-for-development Projects,"Heeks, Richard and Molla, Alemayehu",NA
A: DOI held by other record,10.1146/annurev.pu.14.050193.001151,5133,article,papers_2011_12.bib,2011,Risk Perception and Communication,"Fischhoff, Baruch and Bostrom, Ann and Quadrel, Marilyn Jacobs",3065,article,papers_1990_2000.bib,1993,Risk Perception and Communication,"Fischhoff, Baruch and Bostrom, Ann and Quadrel, Marilyn Jacobs",NA
A: DOI held by other record,10.1109/tac.2017.2747409,6095,article,papers_2013_14.bib,2013,Stochastic Online Shortest Path Routing: The Value of Feedback,"Talebi, M. Sadegh and Zou, Zhenhua and Combes, Richard and Proutiere, Alexandre and Johansson, Mikael",7723,article,papers_2018.bib,2018,Stochastic Online Shortest Path Routing: The Value of Feedback,"Talebi, Mohammad Sadegh and Zou, Zhenhua and Combes, Richard and Proutiere, Alexandre and Johansson, Mikael",NA
A: DOI held by other record,10.1186/s12874-018-0541-7,6800,article,papers_2016.bib,2016,A Dynamic Bayesian Markov Model for Health Economic Evaluations of Interventions against Infectious Diseases,"Haeussler, Katrin and van den Hout, Ardo and Baio, Gianluca",7625,article,papers_2018.bib,2018,A Dynamic Bayesian Markov Model for Health Economic Evaluations of Interventions in Infectious Disease,"Haeussler, Katrin and Den Hout, Ardo Van and Baio, Gianluca",NA
A: DOI held by other record,10.1111/poms.14018,8985,article,papers_2021.bib,2021,A Machine Learning Approach to Deal with Ambiguity in the Humanitarian Decision Making,"Grass, Emilia and Ortmann, Janosch and Balcik, Burcu and Rei, Walter",10105,article,papers_2023.bib,2023,A Machine Learning Approach to Deal with Ambiguity in the Humanitarian Decision-Making,"Grass, E. and Ortmann, J. and Balcik, B. and Rei, W.",NA
A: DOI held by other record,10.1285/i20356609v14i1p221,9123,article,papers_2021.bib,2021,Covid-19 and the Information Crisis of Liberal Democracies: Insights from Action against Disinformation in Italy and the Eu,"Mascio, F. D. and Barbieri, Michele and Natalini, Alessandro and Selva, Donatella",8924,article,papers_2021.bib,2021,Covid-19 and the Information Crisis of Liberal Democracies: Insights from Anti-Disinformation Action in Italy and EU,"Di Mascio, Fabrizio and Barbieri, Michele and Natalini, Alessandro and Selva, Donatella",NA
A: DOI held by other record,10.1016/j.jmp.2024.102844,9822,article,papers_2022.bib,2022,On the (Non-) Reliance on Algorithms-a Decision-Theoretic Account,"Sinclair-Desgagne, Bernard",10492,article,papers_2024.bib,2024,On the (Non-) Reliance on Algorithms---a Decision-Theoretic Account,"Sinclair-Desgagn\'e, B.",NA
A: DOI held by other record,10.1086/724322,10541,article,papers_low_info.bib,2021,Local Evidence and Diversity in Minipublics,"Bardhi, Arjada and Bobkova, Nina",9968,article,papers_2023.bib,2023,Local Evidence and Diversity in Minipublics,"Bardhi, A. and Bobkova, N.",NA
A: DOI held by other record,10.1007/s11127-018-0593-6,10838,article,papers_low_info.bib,2016,A Capture Theory of Committees,"Yildirim, Huseyin",7679,article,papers_2018.bib,2018,A Capture Theory of Committees,"Name-Correa, Alvaro J. and Yildirim, Huseyin",NA
A: DOI held by other record,10.21236/ada435051,11144,article,reports.bib,2005,"Bayes, Bugs, and Bioterrorists","Attacks, Anthrax",238,book,books_2003_2005.bib,2005,"Bayes, Bugs, and Bioterrorists: Lessons Learned from the Anthrax Attacks","Thompson, Kimberly M. and Armstrong, Robert E. and Thompson, Donald F.",NA
A: DOI held by other record,10.1016/j.eswa.2016.02.050,12512,article,reports.bib,2016,Integrating Expert Knowledge with Data in Bayesian,"Unobserved, Variables Remain",6740,article,papers_2016.bib,2016,Integrating Expert Knowledge with Data in Bayesian Networks: Preserving Data-Driven Expectations When the Expert Variables Remain Unobserved,"Constantinou, Anthony Costa and Fenton, Norman and Neil, Martin",NA
B: same DOI proposed for 2,10.1007/1-4020-0613-6_11001,389,book,books_2006_2009.bib,2008,Management Information System,"Gupta, A. K.",760,book,books_2010_2012.bib,2011,Management Information System,"Gupta, Hitesh",management information system
B: same DOI proposed for 2,10.1007/978-3-642-48354-7_5,23,book,books_2000_2002.bib,2002,Software Engineering Economics,"Boehm, Barry W.",3827,article,papers_2007.bib,2007,Software Engineering Economics,"Boehm, Barry W.",Software Engineering Economics
B: same DOI proposed for 2,10.1093/med/9780199685028.001.0001,194,book,books_2003_2005.bib,2005,Economic Evaluation,"Fox-Rushby, Julia and Cairns, John",1733,incollection,chapters_no_file.bib,2016,Economic Evaluation,"Bhattacharya, Debi and Aldus, Clare F. and Barton, Garry and Bond, Christine M. and Boonyaprapa, Sathon and Charles, Ian S. and Fleetcroft, Robert and Holland, Richard and Jerosch-Herold, Christina and Salter, Charlotte",Economic Evaluation in Clinical Trials
B: same DOI proposed for 2,10.2307/2297825,884,book,books_2010_2012.bib,2012,Optimal Learning,"Powell, Warren B. and Ryzhov, Ilya O.",1853,incollection,chapters_no_file.bib,2008,Optimal Learning,"Powell, Warren B. and Frazier, Peter",Optimal Learning by Experimentation
